Nama,Deskripsi,Path Folder, Path Gambar,Deskripsi_casefolding,Deskripsi_clean,tokenized,stop_removed,lemmatized,preprocessing
Batik Bali,"Batik Bali memiliki motif rumit yang terinspirasi oleh bunga, daun, dan simbol budaya Hindu Bali. Melambangkan harmoni antara manusia, alam, dan spiritualitas, batik ini terkenal dengan warna cerahnya yang khas dari Pulau Bali.",batik-bali,batik-bali.jpg,"batik bali memiliki motif rumit yang terinspirasi oleh bunga, daun, dan simbol budaya hindu bali. melambangkan harmoni antara manusia, alam, dan spiritualitas, batik ini terkenal dengan warna cerahnya yang khas dari pulau bali.",batik bali memiliki motif rumit yang terinspirasi oleh bunga daun dan simbol budaya hindu bali melambangkan harmoni antara manusia alam dan spiritualitas batik ini terkenal dengan warna cerahnya yang khas dari pulau bali,"['batik', 'bali', 'memiliki', 'motif', 'rumit', 'yang', 'terinspirasi', 'oleh', 'bunga', 'daun', 'dan', 'simbol', 'budaya', 'hindu', 'bali', 'melambangkan', 'harmoni', 'antara', 'manusia', 'alam', 'dan', 'spiritualitas', 'batik', 'ini', 'terkenal', 'dengan', 'warna', 'cerahnya', 'yang', 'khas', 'dari', 'pulau', 'bali']","['batik', 'bali', 'memiliki', 'motif', 'rumit', 'terinspirasi', 'bunga', 'daun', 'simbol', 'budaya', 'hindu', 'bali', 'melambangkan', 'harmoni', 'manusia', 'alam', 'spiritualitas', 'batik', 'terkenal', 'warna', 'cerahnya', 'khas', 'pulau', 'bali']","['batik', 'bali', 'memiliki', 'motif', 'rumit', 'terinspirasi', 'bunga', 'daun', 'simbol', 'budaya', 'hindu', 'bali', 'melambangkan', 'harmoni', 'manusia', 'alam', 'spiritualitas', 'batik', 'terkenal', 'warna', 'cerahnya', 'khas', 'pulau', 'bali']",batik bali memiliki motif rumit terinspirasi bunga daun simbol budaya hindu bali melambangkan harmoni manusia alam spiritualitas batik terkenal warna cerahnya khas pulau bali
Batik Betawi,"Batik Betawi memiliki motif geometris sederhana dengan warna cerah, menampilkan pola khas seperti ondel-ondel dan tanjidor. Melambangkan semangat dan keberagaman budaya, batik ini berasal dari Jakarta.",batik-betawi,batik-betawi.jpg,"batik betawi memiliki motif geometris sederhana dengan warna cerah, menampilkan pola khas seperti ondel-ondel dan tanjidor. melambangkan semangat dan keberagaman budaya, batik ini berasal dari jakarta.",batik betawi memiliki motif geometris sederhana dengan warna cerah menampilkan pola khas seperti ondelondel dan tanjidor melambangkan semangat dan keberagaman budaya batik ini berasal dari jakarta,"['batik', 'betawi', 'memiliki', 'motif', 'geometris', 'sederhana', 'dengan', 'warna', 'cerah', 'menampilkan', 'pola', 'khas', 'seperti', 'ondelondel', 'dan', 'tanjidor', 'melambangkan', 'semangat', 'dan', 'keberagaman', 'budaya', 'batik', 'ini', 'berasal', 'dari', 'jakarta']","['batik', 'betawi', 'memiliki', 'motif', 'geometris', 'sederhana', 'warna', 'cerah', 'menampilkan', 'pola', 'khas', 'ondelondel', 'tanjidor', 'melambangkan', 'semangat', 'keberagaman', 'budaya', 'batik', 'berasal', 'jakarta']","['batik', 'betawi', 'memiliki', 'motif', 'geometris', 'sederhana', 'warna', 'cerah', 'menampilkan', 'pola', 'khas', 'ondelondel', 'tanjidor', 'melambangkan', 'semangat', 'keberagaman', 'budaya', 'batik', 'berasal', 'jakarta']",batik betawi memiliki motif geometris sederhana warna cerah menampilkan pola khas ondelondel tanjidor melambangkan semangat keberagaman budaya batik berasal jakarta
Batik Celup,"Batik Celup memiliki pola abstrak dengan gradasi warna cerah yang dihasilkan melalui teknik pencelupan. Melambangkan kebebasan dan kreativitas, batik ini mencerminkan ekspresi seni modern Indonesia.",batik-celup,batik-celup.jpg,"batik celup memiliki pola abstrak dengan gradasi warna cerah yang dihasilkan melalui teknik pencelupan. melambangkan kebebasan dan kreativitas, batik ini mencerminkan ekspresi seni modern indonesia.",batik celup memiliki pola abstrak dengan gradasi warna cerah yang dihasilkan melalui teknik pencelupan melambangkan kebebasan dan kreativitas batik ini mencerminkan ekspresi seni modern indonesia,"['batik', 'celup', 'memiliki', 'pola', 'abstrak', 'dengan', 'gradasi', 'warna', 'cerah', 'yang', 'dihasilkan', 'melalui', 'teknik', 'pencelupan', 'melambangkan', 'kebebasan', 'dan', 'kreativitas', 'batik', 'ini', 'mencerminkan', 'ekspresi', 'seni', 'modern', 'indonesia']","['batik', 'celup', 'memiliki', 'pola', 'abstrak', 'gradasi', 'warna', 'cerah', 'dihasilkan', 'teknik', 'pencelupan', 'melambangkan', 'kebebasan', 'kreativitas', 'batik', 'mencerminkan', 'ekspresi', 'seni', 'modern', 'indonesia']","['batik', 'celup', 'memiliki', 'pola', 'abstrak', 'gradasi', 'warna', 'cerah', 'dihasilkan', 'teknik', 'pencelupan', 'melambangkan', 'kebebasan', 'kreativitas', 'batik', 'mencerminkan', 'ekspresi', 'seni', 'modern', 'indonesia']",batik celup memiliki pola abstrak gradasi warna cerah dihasilkan teknik pencelupan melambangkan kebebasan kreativitas batik mencerminkan ekspresi seni modern indonesia
Batik Cendrawasih,"Batik Cendrawasih menampilkan motif burung cendrawasih yang elegan dengan kombinasi pola bunga dan warna cerah. Melambangkan keindahan dan kemewahan, batik ini mencerminkan kebanggaan budaya Papua.",batik-cendrawasih,batik-cendrawasih.jpg,"batik cendrawasih menampilkan motif burung cendrawasih yang elegan dengan kombinasi pola bunga dan warna cerah. melambangkan keindahan dan kemewahan, batik ini mencerminkan kebanggaan budaya papua.",batik cendrawasih menampilkan motif burung cendrawasih yang elegan dengan kombinasi pola bunga dan warna cerah melambangkan keindahan dan kemewahan batik ini mencerminkan kebanggaan budaya papua,"['batik', 'cendrawasih', 'menampilkan', 'motif', 'burung', 'cendrawasih', 'yang', 'elegan', 'dengan', 'kombinasi', 'pola', 'bunga', 'dan', 'warna', 'cerah', 'melambangkan', 'keindahan', 'dan', 'kemewahan', 'batik', 'ini', 'mencerminkan', 'kebanggaan', 'budaya', 'papua']","['batik', 'cendrawasih', 'menampilkan', 'motif', 'burung', 'cendrawasih', 'elegan', 'kombinasi', 'pola', 'bunga', 'warna', 'cerah', 'melambangkan', 'keindahan', 'kemewahan', 'batik', 'mencerminkan', 'kebanggaan', 'budaya', 'papua']","['batik', 'cendrawasih', 'menampilkan', 'motif', 'burung', 'cendrawasih', 'elegan', 'kombinasi', 'pola', 'bunga', 'warna', 'cerah', 'melambangkan', 'keindahan', 'kemewahan', 'batik', 'mencerminkan', 'kebanggaan', 'budaya', 'papua']",batik cendrawasih menampilkan motif burung cendrawasih elegan kombinasi pola bunga warna cerah melambangkan keindahan kemewahan batik mencerminkan kebanggaan budaya papua
Batik Ceplok,"Batik Ceplok memiliki pola geometris berulang seperti lingkaran dan bunga kecil dengan warna klasik. Melambangkan keseimbangan dan harmoni, batik ini merupakan warisan budaya dari Jawa Tengah.",batik-ceplok,batik-ceplok.jpg,"batik ceplok memiliki pola geometris berulang seperti lingkaran dan bunga kecil dengan warna klasik. melambangkan keseimbangan dan harmoni, batik ini merupakan warisan budaya dari jawa tengah.",batik ceplok memiliki pola geometris berulang seperti lingkaran dan bunga kecil dengan warna klasik melambangkan keseimbangan dan harmoni batik ini merupakan warisan budaya dari jawa tengah,"['batik', 'ceplok', 'memiliki', 'pola', 'geometris', 'berulang', 'seperti', 'lingkaran', 'dan', 'bunga', 'kecil', 'dengan', 'warna', 'klasik', 'melambangkan', 'keseimbangan', 'dan', 'harmoni', 'batik', 'ini', 'merupakan', 'warisan', 'budaya', 'dari', 'jawa', 'tengah']","['batik', 'ceplok', 'memiliki', 'pola', 'geometris', 'berulang', 'lingkaran', 'bunga', 'warna', 'klasik', 'melambangkan', 'keseimbangan', 'harmoni', 'batik', 'warisan', 'budaya', 'jawa']","['batik', 'ceplok', 'memiliki', 'pola', 'geometris', 'berulang', 'lingkaran', 'bunga', 'warna', 'klasik', 'melambangkan', 'keseimbangan', 'harmoni', 'batik', 'warisan', 'budaya', 'jawa']",batik ceplok memiliki pola geometris berulang lingkaran bunga warna klasik melambangkan keseimbangan harmoni batik warisan budaya jawa
Batik Ciamis,"Batik Ciamis memiliki motif sederhana dengan pola bunga kecil atau garis melengkung, didominasi warna pastel seperti cokelat muda. Melambangkan kesederhanaan dan keharmonisan, batik ini berasal dari Ciamis, Jawa Barat.",batik-ciamis,batik-ciamis.jpg,"batik ciamis memiliki motif sederhana dengan pola bunga kecil atau garis melengkung, didominasi warna pastel seperti cokelat muda. melambangkan kesederhanaan dan keharmonisan, batik ini berasal dari ciamis, jawa barat.",batik ciamis memiliki motif sederhana dengan pola bunga kecil atau garis melengkung didominasi warna pastel seperti cokelat muda melambangkan kesederhanaan dan keharmonisan batik ini berasal dari ciamis jawa barat,"['batik', 'ciamis', 'memiliki', 'motif', 'sederhana', 'dengan', 'pola', 'bunga', 'kecil', 'atau', 'garis', 'melengkung', 'didominasi', 'warna', 'pastel', 'seperti', 'cokelat', 'muda', 'melambangkan', 'kesederhanaan', 'dan', 'keharmonisan', 'batik', 'ini', 'berasal', 'dari', 'ciamis', 'jawa', 'barat']","['batik', 'ciamis', 'memiliki', 'motif', 'sederhana', 'pola', 'bunga', 'garis', 'melengkung', 'didominasi', 'warna', 'pastel', 'cokelat', 'muda', 'melambangkan', 'kesederhanaan', 'keharmonisan', 'batik', 'berasal', 'ciamis', 'jawa', 'barat']","['batik', 'ciamis', 'memiliki', 'motif', 'sederhana', 'pola', 'bunga', 'gari', 'melengkung', 'didominasi', 'warna', 'pastel', 'cokelat', 'muda', 'melambangkan', 'kesederhanaan', 'keharmonisan', 'batik', 'berasal', 'ciamis', 'jawa', 'barat']",batik ciamis memiliki motif sederhana pola bunga gari melengkung didominasi warna pastel cokelat muda melambangkan kesederhanaan keharmonisan batik berasal ciamis jawa barat
Batik Garutan,"Batik Garutan memiliki motif bunga, daun, atau burung dengan warna cerah seperti merah dan hijau. Melambangkan keceriaan dan keindahan alam, batik ini merupakan kekayaan budaya dari Garut, Jawa Barat.",batik-garutan,batik-garutan.jpg,"batik garutan memiliki motif bunga, daun, atau burung dengan warna cerah seperti merah dan hijau. melambangkan keceriaan dan keindahan alam, batik ini merupakan kekayaan budaya dari garut, jawa barat.",batik garutan memiliki motif bunga daun atau burung dengan warna cerah seperti merah dan hijau melambangkan keceriaan dan keindahan alam batik ini merupakan kekayaan budaya dari garut jawa barat,"['batik', 'garutan', 'memiliki', 'motif', 'bunga', 'daun', 'atau', 'burung', 'dengan', 'warna', 'cerah', 'seperti', 'merah', 'dan', 'hijau', 'melambangkan', 'keceriaan', 'dan', 'keindahan', 'alam', 'batik', 'ini', 'merupakan', 'kekayaan', 'budaya', 'dari', 'garut', 'jawa', 'barat']","['batik', 'garutan', 'memiliki', 'motif', 'bunga', 'daun', 'burung', 'warna', 'cerah', 'merah', 'hijau', 'melambangkan', 'keceriaan', 'keindahan', 'alam', 'batik', 'kekayaan', 'budaya', 'garut', 'jawa', 'barat']","['batik', 'garutan', 'memiliki', 'motif', 'bunga', 'daun', 'burung', 'warna', 'cerah', 'merah', 'hijau', 'melambangkan', 'keceriaan', 'keindahan', 'alam', 'batik', 'kekayaan', 'budaya', 'garut', 'jawa', 'barat']",batik garutan memiliki motif bunga daun burung warna cerah merah hijau melambangkan keceriaan keindahan alam batik kekayaan budaya garut jawa barat
Batik Gentongan,"Batik Gentongan memiliki motif bunga besar dengan warna mencolok seperti merah dan biru. Melambangkan keberanian dan keunikan budaya, batik ini khas dari Madura, Jawa Timur.",batik-gentongan,batik-gentongan.jpg,"batik gentongan memiliki motif bunga besar dengan warna mencolok seperti merah dan biru. melambangkan keberanian dan keunikan budaya, batik ini khas dari madura, jawa timur.",batik gentongan memiliki motif bunga besar dengan warna mencolok seperti merah dan biru melambangkan keberanian dan keunikan budaya batik ini khas dari madura jawa timur,"['batik', 'gentongan', 'memiliki', 'motif', 'bunga', 'besar', 'dengan', 'warna', 'mencolok', 'seperti', 'merah', 'dan', 'biru', 'melambangkan', 'keberanian', 'dan', 'keunikan', 'budaya', 'batik', 'ini', 'khas', 'dari', 'madura', 'jawa', 'timur']","['batik', 'gentongan', 'memiliki', 'motif', 'bunga', 'warna', 'mencolok', 'merah', 'biru', 'melambangkan', 'keberanian', 'keunikan', 'budaya', 'batik', 'khas', 'madura', 'jawa', 'timur']","['batik', 'gentongan', 'memiliki', 'motif', 'bunga', 'warna', 'mencolok', 'merah', 'biru', 'melambangkan', 'keberanian', 'keunikan', 'budaya', 'batik', 'khas', 'madura', 'jawa', 'timur']",batik gentongan memiliki motif bunga warna mencolok merah biru melambangkan keberanian keunikan budaya batik khas madura jawa timur
Batik Kawung,"Batik Kawung memiliki motif lingkaran geometris menyerupai irisan kolang-kaling, disusun secara simetris. Melambangkan kesucian dan keseimbangan, batik ini merupakan warisan budaya dari Jawa Tengah.",batik-kawung,batik-kawung.jpg,"batik kawung memiliki motif lingkaran geometris menyerupai irisan kolang-kaling, disusun secara simetris. melambangkan kesucian dan keseimbangan, batik ini merupakan warisan budaya dari jawa tengah.",batik kawung memiliki motif lingkaran geometris menyerupai irisan kolangkaling disusun secara simetris melambangkan kesucian dan keseimbangan batik ini merupakan warisan budaya dari jawa tengah,"['batik', 'kawung', 'memiliki', 'motif', 'lingkaran', 'geometris', 'menyerupai', 'irisan', 'kolangkaling', 'disusun', 'secara', 'simetris', 'melambangkan', 'kesucian', 'dan', 'keseimbangan', 'batik', 'ini', 'merupakan', 'warisan', 'budaya', 'dari', 'jawa', 'tengah']","['batik', 'kawung', 'memiliki', 'motif', 'lingkaran', 'geometris', 'menyerupai', 'irisan', 'kolangkaling', 'disusun', 'simetris', 'melambangkan', 'kesucian', 'keseimbangan', 'batik', 'warisan', 'budaya', 'jawa']","['batik', 'kawung', 'memiliki', 'motif', 'lingkaran', 'geometris', 'menyerupai', 'irisan', 'kolangkaling', 'disusun', 'simetris', 'melambangkan', 'kesucian', 'keseimbangan', 'batik', 'warisan', 'budaya', 'jawa']",batik kawung memiliki motif lingkaran geometris menyerupai irisan kolangkaling disusun simetris melambangkan kesucian keseimbangan batik warisan budaya jawa
Batik Keraton,"Batik Keraton memiliki motif klasik seperti Parang dan Sawat dengan warna elegan seperti cokelat dan biru tua. Melambangkan keagungan dan kewibawaan, batik ini berasal dari keraton di Yogyakarta dan Surakarta.",batik-keraton,batik-keraton.jpg,"batik keraton memiliki motif klasik seperti parang dan sawat dengan warna elegan seperti cokelat dan biru tua. melambangkan keagungan dan kewibawaan, batik ini berasal dari keraton di yogyakarta dan surakarta.",batik keraton memiliki motif klasik seperti parang dan sawat dengan warna elegan seperti cokelat dan biru tua melambangkan keagungan dan kewibawaan batik ini berasal dari keraton di yogyakarta dan surakarta,"['batik', 'keraton', 'memiliki', 'motif', 'klasik', 'seperti', 'parang', 'dan', 'sawat', 'dengan', 'warna', 'elegan', 'seperti', 'cokelat', 'dan', 'biru', 'tua', 'melambangkan', 'keagungan', 'dan', 'kewibawaan', 'batik', 'ini', 'berasal', 'dari', 'keraton', 'di', 'yogyakarta', 'dan', 'surakarta']","['batik', 'keraton', 'memiliki', 'motif', 'klasik', 'parang', 'sawat', 'warna', 'elegan', 'cokelat', 'biru', 'tua', 'melambangkan', 'keagungan', 'kewibawaan', 'batik', 'berasal', 'keraton', 'yogyakarta', 'surakarta']","['batik', 'keraton', 'memiliki', 'motif', 'klasik', 'parang', 'sawat', 'warna', 'elegan', 'cokelat', 'biru', 'tua', 'melambangkan', 'keagungan', 'kewibawaan', 'batik', 'berasal', 'keraton', 'yogyakarta', 'surakarta']",batik keraton memiliki motif klasik parang sawat warna elegan cokelat biru tua melambangkan keagungan kewibawaan batik berasal keraton yogyakarta surakarta
Batik Lasem,"Batik Lasem didominasi warna merah cerah khas dengan pola flora dan fauna yang melambangkan keberanian dan harmoni. Batik ini mencerminkan akulturasi budaya Lasem, Jawa Tengah.",batik-lasem,batik-lasem.jpg,"batik lasem didominasi warna merah cerah khas dengan pola flora dan fauna yang melambangkan keberanian dan harmoni. batik ini mencerminkan akulturasi budaya lasem, jawa tengah.",batik lasem didominasi warna merah cerah khas dengan pola flora dan fauna yang melambangkan keberanian dan harmoni batik ini mencerminkan akulturasi budaya lasem jawa tengah,"['batik', 'lasem', 'didominasi', 'warna', 'merah', 'cerah', 'khas', 'dengan', 'pola', 'flora', 'dan', 'fauna', 'yang', 'melambangkan', 'keberanian', 'dan', 'harmoni', 'batik', 'ini', 'mencerminkan', 'akulturasi', 'budaya', 'lasem', 'jawa', 'tengah']","['batik', 'lasem', 'didominasi', 'warna', 'merah', 'cerah', 'khas', 'pola', 'flora', 'fauna', 'melambangkan', 'keberanian', 'harmoni', 'batik', 'mencerminkan', 'akulturasi', 'budaya', 'lasem', 'jawa']","['batik', 'lasem', 'didominasi', 'warna', 'merah', 'cerah', 'khas', 'pola', 'flora', 'fauna', 'melambangkan', 'keberanian', 'harmoni', 'batik', 'mencerminkan', 'akulturasi', 'budaya', 'lasem', 'jawa']",batik lasem didominasi warna merah cerah khas pola flora fauna melambangkan keberanian harmoni batik mencerminkan akulturasi budaya lasem jawa
Batik Megamendung,"Batik Megamendung memiliki motif awan bergradasi dengan warna biru, putih, atau merah. Melambangkan kesejukan dan ketenangan, batik ini merupakan warisan budaya dari Cirebon, Jawa Barat.",batik-megamendung,batik-megamendung.jpg,"batik megamendung memiliki motif awan bergradasi dengan warna biru, putih, atau merah. melambangkan kesejukan dan ketenangan, batik ini merupakan warisan budaya dari cirebon, jawa barat.",batik megamendung memiliki motif awan bergradasi dengan warna biru putih atau merah melambangkan kesejukan dan ketenangan batik ini merupakan warisan budaya dari cirebon jawa barat,"['batik', 'megamendung', 'memiliki', 'motif', 'awan', 'bergradasi', 'dengan', 'warna', 'biru', 'putih', 'atau', 'merah', 'melambangkan', 'kesejukan', 'dan', 'ketenangan', 'batik', 'ini', 'merupakan', 'warisan', 'budaya', 'dari', 'cirebon', 'jawa', 'barat']","['batik', 'megamendung', 'memiliki', 'motif', 'awan', 'bergradasi', 'warna', 'biru', 'putih', 'merah', 'melambangkan', 'kesejukan', 'ketenangan', 'batik', 'warisan', 'budaya', 'cirebon', 'jawa', 'barat']","['batik', 'megamendung', 'memiliki', 'motif', 'awan', 'bergradasi', 'warna', 'biru', 'putih', 'merah', 'melambangkan', 'kesejukan', 'ketenangan', 'batik', 'warisan', 'budaya', 'cirebon', 'jawa', 'barat']",batik megamendung memiliki motif awan bergradasi warna biru putih merah melambangkan kesejukan ketenangan batik warisan budaya cirebon jawa barat
Batik Parang,"Batik Parang memiliki motif garis melengkung menyerupai ombak yang tersusun diagonal. Melambangkan perjuangan tanpa henti dan kekuatan, batik ini berasal dari keraton Yogyakarta dan Surakarta.",batik-parang,batik-parang.jpg,"batik parang memiliki motif garis melengkung menyerupai ombak yang tersusun diagonal. melambangkan perjuangan tanpa henti dan kekuatan, batik ini berasal dari keraton yogyakarta dan surakarta.",batik parang memiliki motif garis melengkung menyerupai ombak yang tersusun diagonal melambangkan perjuangan tanpa henti dan kekuatan batik ini berasal dari keraton yogyakarta dan surakarta,"['batik', 'parang', 'memiliki', 'motif', 'garis', 'melengkung', 'menyerupai', 'ombak', 'yang', 'tersusun', 'diagonal', 'melambangkan', 'perjuangan', 'tanpa', 'henti', 'dan', 'kekuatan', 'batik', 'ini', 'berasal', 'dari', 'keraton', 'yogyakarta', 'dan', 'surakarta']","['batik', 'parang', 'memiliki', 'motif', 'garis', 'melengkung', 'menyerupai', 'ombak', 'tersusun', 'diagonal', 'melambangkan', 'perjuangan', 'henti', 'kekuatan', 'batik', 'berasal', 'keraton', 'yogyakarta', 'surakarta']","['batik', 'parang', 'memiliki', 'motif', 'gari', 'melengkung', 'menyerupai', 'ombak', 'tersusun', 'diagonal', 'melambangkan', 'perjuangan', 'henti', 'kekuatan', 'batik', 'berasal', 'keraton', 'yogyakarta', 'surakarta']",batik parang memiliki motif gari melengkung menyerupai ombak tersusun diagonal melambangkan perjuangan henti kekuatan batik berasal keraton yogyakarta surakarta
Batik Pekalongan,"Batik Pekalongan memiliki pola flora dan fauna dengan warna cerah dan detail halus. Melambangkan kreativitas dan keindahan alam, batik ini mencerminkan budaya pesisir Pekalongan, Jawa Tengah.",batik-pekalongan,batik-pekalongan.jpg,"batik pekalongan memiliki pola flora dan fauna dengan warna cerah dan detail halus. melambangkan kreativitas dan keindahan alam, batik ini mencerminkan budaya pesisir pekalongan, jawa tengah.",batik pekalongan memiliki pola flora dan fauna dengan warna cerah dan detail halus melambangkan kreativitas dan keindahan alam batik ini mencerminkan budaya pesisir pekalongan jawa tengah,"['batik', 'pekalongan', 'memiliki', 'pola', 'flora', 'dan', 'fauna', 'dengan', 'warna', 'cerah', 'dan', 'detail', 'halus', 'melambangkan', 'kreativitas', 'dan', 'keindahan', 'alam', 'batik', 'ini', 'mencerminkan', 'budaya', 'pesisir', 'pekalongan', 'jawa', 'tengah']","['batik', 'pekalongan', 'memiliki', 'pola', 'flora', 'fauna', 'warna', 'cerah', 'detail', 'halus', 'melambangkan', 'kreativitas', 'keindahan', 'alam', 'batik', 'mencerminkan', 'budaya', 'pesisir', 'pekalongan', 'jawa']","['batik', 'pekalongan', 'memiliki', 'pola', 'flora', 'fauna', 'warna', 'cerah', 'detail', 'halus', 'melambangkan', 'kreativitas', 'keindahan', 'alam', 'batik', 'mencerminkan', 'budaya', 'pesisir', 'pekalongan', 'jawa']",batik pekalongan memiliki pola flora fauna warna cerah detail halus melambangkan kreativitas keindahan alam batik mencerminkan budaya pesisir pekalongan jawa
Batik Priangan,"Batik Priangan memiliki pola bunga kecil dan dedaunan dengan warna pastel seperti hijau dan merah muda. Melambangkan kelembutan dan kesederhanaan, batik ini khas Tasikmalaya, Jawa Barat.",batik-priangan,batik-priangan.jpg,"batik priangan memiliki pola bunga kecil dan dedaunan dengan warna pastel seperti hijau dan merah muda. melambangkan kelembutan dan kesederhanaan, batik ini khas tasikmalaya, jawa barat.",batik priangan memiliki pola bunga kecil dan dedaunan dengan warna pastel seperti hijau dan merah muda melambangkan kelembutan dan kesederhanaan batik ini khas tasikmalaya jawa barat,"['batik', 'priangan', 'memiliki', 'pola', 'bunga', 'kecil', 'dan', 'dedaunan', 'dengan', 'warna', 'pastel', 'seperti', 'hijau', 'dan', 'merah', 'muda', 'melambangkan', 'kelembutan', 'dan', 'kesederhanaan', 'batik', 'ini', 'khas', 'tasikmalaya', 'jawa', 'barat']","['batik', 'priangan', 'memiliki', 'pola', 'bunga', 'dedaunan', 'warna', 'pastel', 'hijau', 'merah', 'muda', 'melambangkan', 'kelembutan', 'kesederhanaan', 'batik', 'khas', 'tasikmalaya', 'jawa', 'barat']","['batik', 'priangan', 'memiliki', 'pola', 'bunga', 'dedaunan', 'warna', 'pastel', 'hijau', 'merah', 'muda', 'melambangkan', 'kelembutan', 'kesederhanaan', 'batik', 'khas', 'tasikmalaya', 'jawa', 'barat']",batik priangan memiliki pola bunga dedaunan warna pastel hijau merah muda melambangkan kelembutan kesederhanaan batik khas tasikmalaya jawa barat
Batik Sekar,"Batik Sekar memiliki pola bunga yang indah dan elegan dengan warna cerah seperti merah dan kuning. Melambangkan kebahagiaan dan keharmonisan hidup, batik ini banyak ditemukan di Jawa.",batik-sekar,batik-sekar.jpg,"batik sekar memiliki pola bunga yang indah dan elegan dengan warna cerah seperti merah dan kuning. melambangkan kebahagiaan dan keharmonisan hidup, batik ini banyak ditemukan di jawa.",batik sekar memiliki pola bunga yang indah dan elegan dengan warna cerah seperti merah dan kuning melambangkan kebahagiaan dan keharmonisan hidup batik ini banyak ditemukan di jawa,"['batik', 'sekar', 'memiliki', 'pola', 'bunga', 'yang', 'indah', 'dan', 'elegan', 'dengan', 'warna', 'cerah', 'seperti', 'merah', 'dan', 'kuning', 'melambangkan', 'kebahagiaan', 'dan', 'keharmonisan', 'hidup', 'batik', 'ini', 'banyak', 'ditemukan', 'di', 'jawa']","['batik', 'sekar', 'memiliki', 'pola', 'bunga', 'indah', 'elegan', 'warna', 'cerah', 'merah', 'kuning', 'melambangkan', 'kebahagiaan', 'keharmonisan', 'hidup', 'batik', 'ditemukan', 'jawa']","['batik', 'sekar', 'memiliki', 'pola', 'bunga', 'indah', 'elegan', 'warna', 'cerah', 'merah', 'kuning', 'melambangkan', 'kebahagiaan', 'keharmonisan', 'hidup', 'batik', 'ditemukan', 'jawa']",batik sekar memiliki pola bunga indah elegan warna cerah merah kuning melambangkan kebahagiaan keharmonisan hidup batik ditemukan jawa
Batik Sidoluhur,"Batik Sidoluhur memiliki motif klasik dengan pola geometris yang anggun dan warna cokelat khas. Melambangkan harapan untuk kehidupan yang mulia, batik ini berasal dari Solo, Jawa Tengah.",batik-sidoluhur,batik-sidoluhur.jpg,"batik sidoluhur memiliki motif klasik dengan pola geometris yang anggun dan warna cokelat khas. melambangkan harapan untuk kehidupan yang mulia, batik ini berasal dari solo, jawa tengah.",batik sidoluhur memiliki motif klasik dengan pola geometris yang anggun dan warna cokelat khas melambangkan harapan untuk kehidupan yang mulia batik ini berasal dari solo jawa tengah,"['batik', 'sidoluhur', 'memiliki', 'motif', 'klasik', 'dengan', 'pola', 'geometris', 'yang', 'anggun', 'dan', 'warna', 'cokelat', 'khas', 'melambangkan', 'harapan', 'untuk', 'kehidupan', 'yang', 'mulia', 'batik', 'ini', 'berasal', 'dari', 'solo', 'jawa', 'tengah']","['batik', 'sidoluhur', 'memiliki', 'motif', 'klasik', 'pola', 'geometris', 'anggun', 'warna', 'cokelat', 'khas', 'melambangkan', 'harapan', 'kehidupan', 'mulia', 'batik', 'berasal', 'solo', 'jawa']","['batik', 'sidoluhur', 'memiliki', 'motif', 'klasik', 'pola', 'geometris', 'anggun', 'warna', 'cokelat', 'khas', 'melambangkan', 'harapan', 'kehidupan', 'mulia', 'batik', 'berasal', 'solo', 'jawa']",batik sidoluhur memiliki motif klasik pola geometris anggun warna cokelat khas melambangkan harapan kehidupan mulia batik berasal solo jawa
Batik Sidomukti,"Batik Sidomukti memiliki pola bunga dan geometris dengan warna dasar cokelat muda. Melambangkan kemakmuran dan kebahagiaan, batik ini berasal dari Yogyakarta dan Surakarta.",batik-sidomukti,batik-sidomukti.jpg,"batik sidomukti memiliki pola bunga dan geometris dengan warna dasar cokelat muda. melambangkan kemakmuran dan kebahagiaan, batik ini berasal dari yogyakarta dan surakarta.",batik sidomukti memiliki pola bunga dan geometris dengan warna dasar cokelat muda melambangkan kemakmuran dan kebahagiaan batik ini berasal dari yogyakarta dan surakarta,"['batik', 'sidomukti', 'memiliki', 'pola', 'bunga', 'dan', 'geometris', 'dengan', 'warna', 'dasar', 'cokelat', 'muda', 'melambangkan', 'kemakmuran', 'dan', 'kebahagiaan', 'batik', 'ini', 'berasal', 'dari', 'yogyakarta', 'dan', 'surakarta']","['batik', 'sidomukti', 'memiliki', 'pola', 'bunga', 'geometris', 'warna', 'dasar', 'cokelat', 'muda', 'melambangkan', 'kemakmuran', 'kebahagiaan', 'batik', 'berasal', 'yogyakarta', 'surakarta']","['batik', 'sidomukti', 'memiliki', 'pola', 'bunga', 'geometris', 'warna', 'dasar', 'cokelat', 'muda', 'melambangkan', 'kemakmuran', 'kebahagiaan', 'batik', 'berasal', 'yogyakarta', 'surakarta']",batik sidomukti memiliki pola bunga geometris warna dasar cokelat muda melambangkan kemakmuran kebahagiaan batik berasal yogyakarta surakarta
Batik Sogan,"Batik Sogan memiliki pola klasik dengan warna cokelat sogan khas dan motif flora. Melambangkan kebijaksanaan dan keluhuran, batik ini merupakan warisan budaya dari Solo, Jawa Tengah.",batik-sogan,batik-sogan.jpg,"batik sogan memiliki pola klasik dengan warna cokelat sogan khas dan motif flora. melambangkan kebijaksanaan dan keluhuran, batik ini merupakan warisan budaya dari solo, jawa tengah.",batik sogan memiliki pola klasik dengan warna cokelat sogan khas dan motif flora melambangkan kebijaksanaan dan keluhuran batik ini merupakan warisan budaya dari solo jawa tengah,"['batik', 'sogan', 'memiliki', 'pola', 'klasik', 'dengan', 'warna', 'cokelat', 'sogan', 'khas', 'dan', 'motif', 'flora', 'melambangkan', 'kebijaksanaan', 'dan', 'keluhuran', 'batik', 'ini', 'merupakan', 'warisan', 'budaya', 'dari', 'solo', 'jawa', 'tengah']","['batik', 'sogan', 'memiliki', 'pola', 'klasik', 'warna', 'cokelat', 'sogan', 'khas', 'motif', 'flora', 'melambangkan', 'kebijaksanaan', 'keluhuran', 'batik', 'warisan', 'budaya', 'solo', 'jawa']","['batik', 'sogan', 'memiliki', 'pola', 'klasik', 'warna', 'cokelat', 'sogan', 'khas', 'motif', 'flora', 'melambangkan', 'kebijaksanaan', 'keluhuran', 'batik', 'warisan', 'budaya', 'solo', 'jawa']",batik sogan memiliki pola klasik warna cokelat sogan khas motif flora melambangkan kebijaksanaan keluhuran batik warisan budaya solo jawa
Batik Tambal,"Batik Tambal memiliki pola tambalan kecil-kecil dengan motif beragam dan warna cerah. Melambangkan perbaikan dan harapan, batik ini berasal dari Jawa Tengah dan Yogyakarta.",batik-tambal,batik-tambal.jpg,"batik tambal memiliki pola tambalan kecil-kecil dengan motif beragam dan warna cerah. melambangkan perbaikan dan harapan, batik ini berasal dari jawa tengah dan yogyakarta.",batik tambal memiliki pola tambalan kecilkecil dengan motif beragam dan warna cerah melambangkan perbaikan dan harapan batik ini berasal dari jawa tengah dan yogyakarta,"['batik', 'tambal', 'memiliki', 'pola', 'tambalan', 'kecilkecil', 'dengan', 'motif', 'beragam', 'dan', 'warna', 'cerah', 'melambangkan', 'perbaikan', 'dan', 'harapan', 'batik', 'ini', 'berasal', 'dari', 'jawa', 'tengah', 'dan', 'yogyakarta']","['batik', 'tambal', 'memiliki', 'pola', 'tambalan', 'kecilkecil', 'motif', 'beragam', 'warna', 'cerah', 'melambangkan', 'perbaikan', 'harapan', 'batik', 'berasal', 'jawa', 'yogyakarta']","['batik', 'tambal', 'memiliki', 'pola', 'tambalan', 'kecilkecil', 'motif', 'beragam', 'warna', 'cerah', 'melambangkan', 'perbaikan', 'harapan', 'batik', 'berasal', 'jawa', 'yogyakarta']",batik tambal memiliki pola tambalan kecilkecil motif beragam warna cerah melambangkan perbaikan harapan batik berasal jawa yogyakarta
